Métrica,Valor
Acurácia,0.4
Precisão,0.42105263157894735
Recall,0.6666666666666666
F1-Score,0.5161290322580645
